use AutoRental;

INSERT INTO sucursal (idsucursal, ciudad, direccion, telefono_fijo, cellular, email) VALUES 
	(1,'Bogotá', 'Calle 123', '6012345678', '3001234567', 'bogota@sucursal.com'), 
	(2,'Medellín', 'Avenida 456', '6045678901', '3012345678', 'medellin@sucursal.com'), 
	(3,'Cali', 'Carrera 789', '6023456789', '3023456789', 'cali@sucursal.com'), 
	(4,'Barranquilla', 'Diagonal 101', '6056789012', '3034567890', 'barranquilla@sucursal.com'), 
	(5,'Cartagena', 'Transversal 202', '6057890123', '3045678901', 'cartagena@sucursal.com');
    
-- Empleados para la sucursal 1 (Bogotá) 
INSERT INTO empleado (idempleado, cedula, nombre1, nombre2, apellido1, apellido2, ciudad, direccion, email, sucursal_idsucursal) VALUES
	(1,'123456789', 'Juan', 'Carlos', 'Pérez', 'López', 'Bogotá', 'Calle 1', 'juan.carlos@example.com', 1), 
	(2,'987654321', 'María', 'Fernanda', 'Rodríguez', 'García', 'Bogotá', 'Calle 2', 'maria.fernanda@example.com', 1),
	(3,'456789123', 'Luis', 'Alberto', 'Martínez', 'Díaz', 'Bogotá', 'Calle 3', 'luis.alberto@example.com', 1), 
	(4,'654321987', 'Ana', 'Patricia', 'Gómez', 'Pérez', 'Bogotá', 'Calle 4', 'ana.patricia@example.com', 1), 
	(5,'789123456', 'Carlos', 'Andrés', 'Hernández', 'Ortiz', 'Bogotá', 'Calle 5', 'carlos.andres@example.com', 1); 
-- Empleados para la sucursal 2 (Medellín) 
INSERT INTO empleado (idempleado, cedula, nombre1, nombre2, apellido1, apellido2, ciudad, direccion, email, sucursal_idsucursal) VALUES 
	(6,'112233445', 'Sofía', 'Andrea', 'López', 'Jiménez', 'Medellín', 'Calle 6', 'sofia.andrea@example.com', 2), 
	(7,'998877665', 'Miguel', 'Ángel', 'Sánchez', 'Ramírez', 'Medellín', 'Calle 7', 'miguel.angel@example.com', 2), 
	(8,'556677889', 'Lucía', 'María', 'Ramírez', 'Torres', 'Medellín', 'Calle 8', 'lucia.maria@example.com', 2), 
	(9,'223344556', 'José', 'Luis', 'Torres', 'Vargas', 'Medellín', 'Calle 9', 'jose.luis@example.com', 2), 
	(10,'665544332', 'Elena', 'Isabel', 'Flores', 'Gómez', 'Medellín', 'Calle 10', 'elena.isabel@example.com', 2); 
-- Empleados para la sucursal 3 (Cali) 
INSERT INTO empleado (idempleado, cedula, nombre1, nombre2, apellido1, apellido2, ciudad, direccion, email, sucursal_idsucursal) VALUES 
	(11,'321654987', 'Andrés', 'Felipe', 'Moreno', 'López', 'Cali', 'Calle 11', 'andres.felipe@example.com', 3), 
	(12,'741852963', 'Paula', 'Andrea', 'Rojas', 'Martínez', 'Cali', 'Calle 12', 'paula.andrea@example.com', 3), 
	(13,'852963741', 'Fernando', 'José', 'Castro', 'Hernández', 'Cali', 'Calle 13', 'fernando.jose@example.com', 3), 
	(14,'963741852', 'Gloria', 'Elena', 'Vargas', 'Díaz', 'Cali', 'Calle 14', 'gloria.elena@example.com', 3), 
	(15,'741963852', 'Martín', 'Antonio', 'Méndez', 'Pérez', 'Cali', 'Calle 15', 'martin.antonio@example.com', 3); 
-- Empleados para la sucursal 4 (Barranquilla) 
INSERT INTO empleado (idempleado, cedula, nombre1, nombre2, apellido1, apellido2, ciudad, direccion, email, sucursal_idsucursal) VALUES 
	(16,'258147369', 'Laura', 'Marcela', 'Cruz', 'Gómez', 'Barranquilla', 'Calle 16', 'laura.marcela@example.com', 4), 
	(17,'369258147', 'Pedro', 'Juan', 'Ortiz', 'Ramírez', 'Barranquilla', 'Calle 17', 'pedro.juan@example.com', 4), 
	(18,'147369258', 'Natalia', 'Fernanda', 'Guerrero', 'López', 'Barranquilla', 'Calle 18', 'natalia.fernanda@example.com', 4), 
	(19,'753951846', 'Felipe', 'Andrés', 'Muñoz', 'Martínez', 'Barranquilla', 'Calle 19', 'felipe.andres@example.com', 4), 
	(20,'951846753', 'Camila', 'Isabel', 'Suárez', 'Hernández', 'Barranquilla', 'Calle 20', 'camila.isabel@example.com', 4); 
-- Empleados para la sucursal 5 (Cartagena) 
INSERT INTO empleado (idempleado, cedula, nombre1, nombre2, apellido1, apellido2, ciudad, direccion, email, sucursal_idsucursal) VALUES 
	(21,'159357486', 'Jorge', 'Luis', 'Jiménez', 'Torres', 'Cartagena', 'Calle 21', 'jorge.luis@example.com', 5), 
	(22,'357159486', 'Patricia', 'María', 'Fernández', 'Vargas', 'Cartagena', 'Calle 22', 'patricia.maria@example.com', 5), 
	(23,'486357159', 'Ricardo', 'Alberto', 'Ruiz', 'Gómez', 'Cartagena', 'Calle 23', 'ricardo.alberto@example.com', 5), 
	(24,'597486321', 'Adriana', 'Marcela', 'Delgado', 'Martínez', 'Cartagena', 'Calle 24', 'adriana.marcela@example.com', 5), 
	(25,'123987654', 'David', 'Alejandro', 'García', 'Pérez', 'Cartagena', 'Calle 25', 'david.alejandro@example.com', 5);

INSERT INTO cliente (idcliente, cedula, nombre1, nombre2, apellido1, apellido2, cuidad, dirección, celular, email) VALUES 
(1,'1234567890', 'Juan', 'Carlos', 'Pérez', 'López', 'Bogotá', 'Calle 1', '3001234567', 'juan.carlos@example.com'), 
(2,'2345678901', 'María', 'Fernanda', 'Rodríguez', 'García', 'Medellín', 'Calle 2', '3012345678', 'maria.fernanda@example.com'), 
(3,'3456789012', 'Luis', 'Alberto', 'Martínez', 'Díaz', 'Cali', 'Calle 3', '3023456789', 'luis.alberto@example.com'), 
(4,'4567890123', 'Ana', 'Patricia', 'Gómez', 'Pérez', 'Barranquilla', 'Calle 4', '3034567890', 'ana.patricia@example.com'), 
(5,'5678901234', 'Carlos', 'Andrés', 'Hernández', 'Ortiz', 'Cartagena', 'Calle 5', '3045678901', 'carlos.andres@example.com'), 
(6,'6789012345', 'Sofía', 'Andrea', 'López', 'Jiménez', 'Pereira', 'Calle 6', '3056789012', 'sofia.andrea@example.com'), 
(7,'7890123456', 'Miguel', 'Ángel', 'Sánchez', 'Ramírez', 'Bucaramanga', 'Calle 7', '3067890123', 'miguel.angel@example.com'), 
(8,'8901234567', 'Lucía', 'María', 'Ramírez', 'Torres', 'Santa Marta', 'Calle 8', '3078901234', 'lucia.maria@example.com'), 
(9,'9012345678', 'José', 'Luis', 'Torres', 'Vargas', 'Manizales', 'Calle 9', '3089012345', 'jose.luis@example.com'), 
(10,'1023456789', 'Elena', 'Isabel', 'Flores', 'Gómez', 'Ibagué', 'Calle 10', '3090123456', 'elena.isabel@example.com'), 
(11,'1123456789', 'Andrés', 'Felipe', 'Moreno', 'López', 'Neiva', 'Calle 11', '3101234567', 'andres.felipe@example.com'), 
(12,'1223456789', 'Paula', 'Andrea', 'Rojas', 'Martínez', 'Popayán', 'Calle 12', '3112345678', 'paula.andrea@example.com'), 
(13,'1323456789', 'Fernando', 'José', 'Castro', 'Hernández', 'Pasto', 'Calle 13', '3123456789', 'fernando.jose@example.com'), 
(14,'1423456789', 'Gloria', 'Elena', 'Vargas', 'Díaz', 'Sincelejo', 'Calle 14', '3134567890', 'gloria.elena@example.com'), 
(15,'1523456789', 'Martín', 'Antonio', 'Méndez', 'Pérez', 'Tunja', 'Calle 15', '3145678901', 'martin.antonio@example.com'), 
(16,'1623456789', 'Laura', 'Marcela', 'Cruz', 'Gómez', 'Armenia', 'Calle 16', '3156789012', 'laura.marcela@example.com'), 
(17,'1723456789', 'Pedro', 'Juan', 'Ortiz', 'Ramírez', 'Riohacha', 'Calle 17', '3167890123', 'pedro.juan@example.com'), 
(18,'1823456789', 'Natalia', 'Fernanda', 'Guerrero', 'López', 'Montería', 'Calle 18', '3178901234', 'natalia.fernanda@example.com'), 
(19,'1923456789', 'Felipe', 'Andrés', 'Muñoz', 'Martínez', 'Villavicencio', 'Calle 19', '3189012345', 'felipe.andres@example.com'), 
(20,'2023456789', 'Camila', 'Isabel', 'Suárez', 'Hernández', 'Cúcuta', 'Calle 20', '3190123456', 'camila.isabel@example.com'), 
(21,'2123456789', 'Jorge', 'Luis', 'Jiménez', 'Torres', 'Valledupar', 'Calle 21', '3201234567', 'jorge.luis@example.com'), 
(22,'2223456789', 'Patricia', 'María', 'Fernández', 'Vargas', 'Florencia', 'Calle 22', '3212345678', 'patricia.maria@example.com'), 
(23,'2323456789', 'Ricardo', 'Alberto', 'Ruiz', 'Gómez', 'San Andrés', 'Calle 23', '3223456789', 'ricardo.alberto@example.com'), 
(24,'2423456789', 'Adriana', 'Marcela', 'Delgado', 'Martínez', 'Leticia', 'Calle 24', '3234567890', 'adriana.marcela@example.com'), 
(25,'2523456789', 'David', 'Alejandro', 'García', 'Pérez', 'Quibdó', 'Calle 25', '3245678901', 'david.alejandro@example.com'), 
(26,'2623456789', 'Clara', 'Marcela', 'Ortiz', 'Vargas', 'Buga', 'Calle 26', '3256789012', 'clara.marcela@example.com'), 
(27,'2723456789', 'Hugo', 'Alberto', 'González', 'Ramírez', 'Magangué', 'Calle 27', '3267890123', 'hugo.alberto@example.com'), 
(28,'2823456789', 'Santiago', 'José', 'Pardo', 'Díaz', 'Buenaventura', 'Calle 28', '3278901234', 'santiago.jose@example.com'), 
(29,'2923456789', 'Valentina', 'Isabel', 'Cardona', 'Hernández', 'Tumaco', 'Calle 29', '3289012345', 'valentina.isabel@example.com'), 
(30,'3023456789', 'Alejandro', 'Antonio', 'Barrios', 'Vargas', 'Yopal', 'Calle 30', '3290123456', 'alejandro.antonio@example.com'), 
(31,'3123456789', 'Gabriela', 'María', 'Navarro', 'Gómez', 'Girardot', 'Calle 31', '3301234567', 'gabriela.maria@example.com'), 
(32,'3223456789', 'Sebastián', 'David', 'Vélez', 'Martínez', 'Sogamoso', 'Calle 32', '3312345678', 'sebastian.david@example.com'), 
(33,'3323456789', 'Mónica', 'Andrea', 'Arévalo', 'Pérez', 'Ipiales', 'Calle 33', '3323456789', 'monica.andrea@example.com'), 
(34,'3423456789', 'Javier', 'Francisco', 'Montoya', 'Ramírez', 'San José del Guaviare', 'Calle 34', '3334567890', 'javier.francisco@example.com'), 
(35,'3523456789', 'Daniela', 'Fernanda', 'Espinosa', 'García', 'Puerto Asís', 'Calle 35', '3345678901', 'daniela.fernanda@example.com'), 
(36,'3623456789', 'Álvaro', 'Enrique', 'Blanco', 'López', 'San Gil', 'Calle 36', '3356789012', 'alvaro.enrique@example.com'), 
(37,'3723456789', 'Susana', 'Patricia', 'Lara', 'Martínez', 'El Carmen de Bolívar', 'Calle 37', '3367890123', 'susana.patricia@example.com'), 
(38,'3823456789', 'Rodrigo', 'Andrés', 'Rangel', 'Vargas', 'Lorica', 'Calle 38', '3378901234', 'rodrigo.andres@example.com'), 
(39,'3923456789', 'Tatiana', 'Isabel', 'Pineda', 'Hernández', 'Zipaquirá', 'Calle 39', '3389012345', 'tatiana.isabel@example.com'), 
(40,'4023456789', 'Hernán', 'Antonio', 'Castaño', 'Pérez', 'Piedecuesta', 'Calle 40', '3390123456', 'hernan.antonio@example.com');

INSERT INTO vehiculo (idvehiculo, placa, modelo, motor, color, capacidad, puertas, tipo_vehiculo, suroof, referencia) VALUES 
(1,'ABC123', 'Toyota Corolla', '1.8L', 'Rojo', '5', '4', 'Sedan', 'No', '2020'), 
(2,'DEF456', 'Honda CR-V', '2.4L', 'Negro', '7', '5', 'SUV', 'Sí', '2021'), 
(3,'GHI789', 'Ford Ranger', '3.2L', 'Blanco', '5', '4', 'Camioneta', 'No', '2019'), 
(4,'JKL012', 'BMW Serie 4', '2.0L', 'Azul', '4', '2', 'Coupé', 'Sí', '2022'), 
(5,'MNO345', 'Mazda MX-5', '2.0L', 'Gris', '2', '2', 'Convertible', 'Sí', '2018'), 
(6,'PQR678', 'Volkswagen Golf', '1.4L', 'Verde', '5', '4', 'Hatchback', 'No', '2017'), 
(7,'STU901', 'Chevrolet Silverado', '5.3L', 'Plateado', '5', '4', 'Pickup', 'No', '2020'), 
(8,'VWX234', 'Chrysler Pacifica', '3.6L', 'Negro', '8', '5', 'Minivan', 'Sí', '2021'), 
(9,'YZA567', 'Hyundai Elantra', '2.0L', 'Rojo', '5', '4', 'Sedan', 'No', '2019'), 
(10,'BCD890', 'Kia Sorento', '2.5L', 'Blanco', '7', '5', 'SUV', 'Sí', '2020'), 
(12,'EFG123', 'Nissan Frontier', '2.5L', 'Gris', '5', '4', 'Camioneta', 'No', '2021'), 
(13,'HIJ456', 'Audi A5', '2.0L', 'Azul', '4', '2', 'Coupé', 'Sí', '2022'), 
(14,'KLM789', 'Ford Mustang', '5.0L', 'Amarillo', '4', '2', 'Convertible', 'Sí', '2019'), 
(15,'NOP012', 'Honda Fit', '1.5L', 'Verde', '5', '4', 'Hatchback', 'No', '2018'), 
(16,'QRS345', 'Ram 1500', '5.7L', 'Plateado', '5', '4', 'Pickup', 'No', '2020'), 
(17,'TUV678', 'Toyota Sienna', '3.5L', 'Negro', '8', '5', 'Minivan', 'Sí', '2021'), 
(18,'WXY901', 'Mercedes-Benz Clase C', '2.0L', 'Rojo', '5', '4', 'Sedan', 'No', '2019'), 
(19,'ZAB234', 'Subaru Outback', '2.5L', 'Blanco', '5', '5', 'SUV', 'Sí', '2020'), 
(20,'CDE567', 'GMC Sierra', '5.3L', 'Gris', '5', '4', 'Camioneta', 'No', '2021'), 
(21,'FGH890', 'Lexus RC', '3.5L', 'Azul', '4', '2', 'Coupé', 'Sí', '2022'), 
(22,'IJK123', 'Chevrolet Camaro', '6.2L', 'Amarillo', '4', '2', 'Convertible', 'Sí', '2019'), 
(23,'LMN456', 'Ford Fiesta', '1.6L', 'Verde', '5', '4', 'Hatchback', 'No', '2018'), 
(24,'OPQ789', 'Toyota Tacoma', '3.5L', 'Plateado', '5', '4', 'Pickup', 'No', '2020'), 
(25,'RST012', 'Honda Odyssey', '3.5L', 'Negro', '8', '5', 'Minivan', 'Sí', '2021'), 
(26,'UVW345', 'Audi A4', '2.0L', 'Rojo', '5', '4', 'Sedan', 'No', '2019'), 
(27,'XYZ678', 'Mazda CX-5', '2.5L', 'Blanco', '5', '5', 'SUV', 'Sí', '2020'), 
(28,'ABC901', 'Ford F-150', '3.5L', 'Gris', '5', '4', 'Camioneta', 'No', '2021'), 
(29,'DEF234', 'BMW M4', '3.0L', 'Azul', '4', '2', 'Coupé', 'Sí', '2022'), 
(31,'GHI567', 'Porsche 911', '3.0L', 'Amarillo', '4', '2', 'Convertible', 'Sí', '2019'), 
(32,'JKL890', 'Chevrolet Spark', '1.4L', 'Verde', '5', '4', 'Hatchback', 'No', '2018'), 
(33,'MNO123', 'Honda Ridgeline', '3.5L', 'Plateado', '5', '4', 'Pickup', 'No', '2020'), 
(34,'PQR456', 'Kia Carnival', '3.5L', 'Negro', '8', '5', 'Minivan', 'Sí', '2021'), 
(35,'STU789', 'Lexus ES', '2.5L', 'Rojo', '5', '4', 'Sedan', 'No', '2019'), 
(36,'VWX012', 'Jeep Grand Cherokee', '3.6L', 'Blanco', '5', '5', 'SUV', 'Sí', '2020'), 
(37,'YZA345', 'Nissan Titan', '5.6L', 'Gris', '5', '4', 'Camioneta', 'No', '2021'), 
(38,'BCD678', 'Mercedes-Benz Clase E', '3.0L', 'Azul', '4', '2', 'Coupé', 'Sí', '2022'), 
(39,'EFG901', 'Jaguar F-Type', '2.0L', 'Amarillo', '4', '2', 'Convertible', 'Sí', '2019'), 
(41,'HIJ234', 'Mini Cooper', '1.5L', 'Verde', '5', '4', 'Hatchback', 'No', '2018'), 
(42,'KLM567', 'Chevrolet Colorado', '2.5L', 'Plateado', '5', '4', 'Pickup', 'No', '2020'), 
(43,'NOP890', 'Hyundai Palisade', '3.8L', 'Negro', '8', '5', 'Minivan', 'Sí', '2021'), 
(44,'QRS123', 'Volvo XC90', '2.0L', 'Azul', '7', '5', 'SUV', 'Sí', '2021'), 
(45,'TUV234', 'Tesla Model S', 'Eléctrico', 'Blanco', '5', '4', 'Sedan', 'Sí', '2022'), 
(46,'WXY345', 'Audi Q5', '2.0L', 'Rojo', '5', '5', 'SUV', 'Sí', '2020'), 
(47,'ZAB456', 'Mitsubishi Outlander', '2.4L', 'Negro', '7', '5', 'SUV', 'Sí', '2021'), 
(48,'CDE567', 'Toyota Hilux', '2.8L', 'Blanco', '5', '4', 'Camioneta', 'No', '2020'), 
(49,'FGH678', 'Honda Pilot', '3.5L', 'Gris', '8', '5', 'SUV', 'Sí', '2021'), 
(50,'IJK789', 'Mercedes-Benz GLC', '2.0L', 'Azul', '5', '5', 'SUV', 'Sí', '2022');

INSERT INTO alquiler (idalquiler, Fecha_salida, Fecha_esperada, Fecha_entrega, Sucursal_salida, Sucursal_entrega, valor_dia, valor_semanal, valor_cotizado, descuento, valor_pagado, sucursal_idsucursal, Cliente_idcliente, Vehiculo_idvehiculo, Empleado_idempleado) VALUES
(1, '2023-01-01', '2023-01-08', '2023-01-07', 'Bogotá', 'Medellín', 50000, 300000, 285000, 15000, 285000, 1, 1, 1, 1),
(2, '2023-01-02', '2023-01-09', '2023-01-08', 'Medellín', 'Bogotá', 60000, 350000, 330000, 20000, 330000, 2, 2, 2, 2),
(3, '2023-01-03', '2023-01-10', '2023-01-09', 'Cali', 'Cartagena', 70000, 400000, 380000, 20000, 380000, 3, 3, 3, 3),
(4, '2023-01-04', '2023-01-11', '2023-01-10', 'Barranquilla', 'Cali', 80000, 450000, 430000, 20000, 430000, 4, 4, 4, 4),
(5, '2023-01-05', '2023-01-12', '2023-01-11', 'Cartagena', 'Barranquilla', 90000, 500000, 480000, 20000, 480000, 5, 5, 5, 5),
(6, '2023-01-06', '2023-01-13', '2023-01-12', 'Bogotá', 'Cartagena', 55000, 320000, 310000, 10000, 310000, 1, 6, 6, 6),
(7, '2023-01-07', '2023-01-14', '2023-01-13', 'Medellín', 'Bogotá', 65000, 370000, 360000, 10000, 360000, 2, 7, 7, 7),
(8, '2023-01-08', '2023-01-15', '2023-01-14', 'Cali', 'Medellín', 75000, 420000, 410000, 10000, 410000, 3, 8, 8, 8),
(9, '2023-01-09', '2023-01-16', '2023-01-15', 'Barranquilla', 'Bogotá', 85000, 470000, 460000, 10000, 460000, 4, 9, 9, 9),
(10, '2023-01-10', '2023-01-17', '2023-01-16', 'Cartagena', 'Cali', 95000, 520000, 510000, 10000, 510000, 5, 10, 10, 10),
(11, '2023-01-11', '2023-01-18', '2023-01-17', 'Bogotá', 'Medellín', 60000, 330000, 320000, 10000, 320000, 1, 11, 10, 11),
(12, '2023-01-12', '2023-01-19', '2023-01-18', 'Medellín', 'Bogotá', 70000, 380000, 370000, 10000, 370000, 2, 12, 12, 12),
(13, '2023-01-13', '2023-01-20', '2023-01-19', 'Cali', 'Cartagena', 80000, 430000, 420000, 10000, 420000, 3, 13, 13, 13),
(14, '2023-01-14', '2023-01-21', '2023-01-20', 'Barranquilla', 'Cali', 90000, 480000, 470000, 10000, 470000, 4, 14, 14, 14),
(15, '2023-01-15', '2023-01-22', '2023-01-21', 'Cartagena', 'Barranquilla', 100000, 530000, 520000, 10000, 520000, 5, 15, 15, 15),
(16, '2023-01-16', '2023-01-23', '2023-01-22', 'Bogotá', 'Cartagena', 65000, 350000, 340000, 10000, 340000, 1, 16, 16, 16),
(17, '2023-01-17', '2023-01-24', '2023-01-23', 'Medellín', 'Bogotá', 75000, 400000, 390000, 10000, 390000, 2, 17, 17, 17),
(18, '2023-01-18', '2023-01-25', '2023-01-24', 'Cali', 'Medellín', 85000, 450000, 440000, 10000, 440000, 3, 18, 18, 18),
(19, '2023-01-19', '2023-01-26', '2023-01-25', 'Barranquilla', 'Bogotá', 95000, 500000, 490000, 10000, 490000, 4, 19, 19, 19),
(20, '2023-01-20', '2023-01-27', '2023-01-26', 'Cartagena', 'Cali', 105000, 550000, 540000, 10000, 540000, 5, 20, 20, 20),
(21, '2023-01-21', '2023-01-28', '2023-01-27', 'Bogotá', 'Medellín', 70000, 370000, 360000, 10000, 360000, 1, 21, 21, 21),
(22, '2023-01-22', '2023-01-29', '2023-01-28', 'Medellín', 'Bogotá', 80000, 420000, 410000, 10000, 410000, 2, 22, 22, 18),
(23, '2023-01-23', '2023-01-30', '2023-01-29', 'Cali', 'Cartagena', 90000, 470000, 460000, 10000, 460000, 3, 23, 23, 19),
(24, '2023-01-24', '2023-01-31', '2023-01-30', 'Barranquilla', 'Cali', 100000, 520000, 510000, 10000, 510000, 4, 24, 24, 21),
(25, '2023-01-25', '2023-02-01', '2023-01-31', 'Cartagena', 'Barranquilla', 110000, 570000, 560000, 10000, 560000, 5, 25, 25, 22),
(26, '2023-01-26', '2023-02-02', '2023-02-01', 'Bogotá', 'Cartagena', 75000, 390000, 380000, 10000, 380000, 1, 26, 26, 23),
(27, '2023-01-27', '2023-02-03', '2023-02-02', 'Medellín', 'Bogotá', 85000, 440000, 430000, 10000, 430000, 2, 27, 27, 24),
(28, '2023-01-28', '2023-02-04', '2023-02-03', 'Cali', 'Medellín', 95000, 490000, 480000, 10000, 480000, 3, 28, 28, 25);
